datasetKey,occurrences
50c9509d-22c7-4a22-a47d-8c48425ef4a7,14639
4fa7b334-ce0d-4e88-aaae-2e0c138d049e,4697
ffe38a37-d659-4b1a-a935-5a5264e3cc0a,4050
14d5676a-2c54-4f94-9023-1e8dcd822aa0,1072
4300f8d5-1ae5-49e5-a101-63894b005868,896
38018901-2f0f-4042-a45b-8e15497ffeba,648
2e684fd6-09e2-4661-910a-0a188b610c04,504
7a3679ef-5582-4aaa-81f0-8c2545cafc81,495
d415c253-4d61-4459-9d25-4015b9084fb0,393
a185d0c4-1a12-45c1-a729-2a7b058b528d,355
6ac3f774-d9fb-4796-b3e9-92bf6c81c084,354
2273e40d-26c2-4959-aea2-b6abcce16d09,286
d3b6cb30-0a64-4f82-91ea-0bb14637ee17,284
e38d4c95-3a1d-4594-9ae9-883b48042e6d,284
ec20771d-5c61-409f-825c-3eea4118c437,282
d82d5a18-0428-4e52-be16-f509153e8126,266
4bda7e86-c7c0-440e-bed4-bde6c52a28c2,209
880f942a-d574-46e7-b781-2a101a922d2e,184
dd31ac22-63d4-4bb4-a987-5eece5ffadb8,178
5b5cf455-a448-4c0a-aecd-3e0956f27f10,177
9e54731f-ca52-4389-95cb-e4feedc7593e,171
f9e1895f-4f52-45e7-aa4f-4dea366b7d2d,171
a0cb1f6e-5766-4cc5-a8a0-cfc6a22c5c3d,167
d1d43c63-6b44-472d-8369-8293eca75991,149
395a2225-c956-4eef-adfc-f5b7a95a1d3b,144
5c9a924c-8d45-4452-8604-415a118578aa,140
b18aa640-0367-4956-a6a4-5f07141127f1,134
15e887a4-973c-4b84-b421-ca65584a4c75,131
d2470ef8-edfa-4ba7-821e-c3e1a537bdba,129
8766db9d-86a9-4db5-81ff-d3632826d5b9,123
6cb1a437-f8a6-4bdc-a534-87cf2b710427,118
ca7f81ae-ebf9-43a8-947c-535a87fe5aec,109
1bb3cae3-b91f-4109-8a2d-a1f05f2d6fd3,100
a51fa32f-831d-49d6-8b8a-c7b52ae65b3b,100
09010edb-5e55-4dc0-8a97-a26a3bb89e85,97
3251d789-0ac6-418a-b3a7-7c10b20e4e12,97
7741a517-ab3d-4b85-ae58-56322e44c8ce,91
f9040e31-ee85-4b92-9963-a0272a44ec96,90
06f0d5c6-aeab-4205-ac9d-9b2d801a43a8,89
0c00cc8f-fd48-4771-acae-216bfc42dfc2,88
6ff8b3b0-ef0f-4f79-a310-5a5615c6aa0b,87
eee198af-c61d-489a-84f7-fef567e8c8d0,87
67f33aea-2c4b-475b-b243-91ca1b9dd29a,86
86aea6d0-e340-4745-a596-3fc20f90a021,86
cd6e21c8-9e8a-493a-8a76-fbf7862069e5,85
821cc27a-e3bb-4bc5-ac34-89ada245069d,83
c525b217-2f59-4b71-a173-68d13da5e8a7,82
07044577-bd82-4089-9f3a-f4a9d2170b2e,81
d64401ac-6349-4007-b565-477d5d584967,81
b9a43c60-d2b6-445c-9362-2db65465c963,80
c9bc6b8d-a4ff-4a47-9cff-d0d1b9e548c7,79
ab37113a-63d1-416b-adb3-3aea838054d4,77
7bd65a7a-f762-11e1-a439-00145eb45e9a,75
c3cf0200-8818-40cc-bec3-039aad7625c6,72
339e9de5-ee9a-4718-8837-0bc5b4f933f5,70
1e0f3d99-eb02-4806-b6a4-e903568129ec,69
17efa320-7312-4b55-bf0a-a4cfc4613169,67
907f9a33-e480-476e-a9f3-0b1f2831abe4,67
e1278068-7d2d-44e0-8274-a46ae6ebf957,66
f45c5ee0-e5ec-42e3-a80a-07318144efa4,66
90c853e6-56bd-480b-8e8f-6285c3f8d42b,64
c755bc4d-35da-4bf5-8026-53324410b17e,64
65908f95-5ab6-48d9-bf6d-6da274ed730e,62
41fc5c40-5e81-496f-9733-6b5681b3b7a5,60
d71abe29-0cc7-451c-9eaf-42514a361885,60
79f15804-4621-4cf1-b389-8bdcc2a3fe3b,59
e7b96ed9-da1c-4eec-a481-281b1b319e48,59
92e7a11c-2765-4eee-9341-2a89083e6132,58
a5797a19-fd6e-458f-9fd5-a2901ca9aded,58
afae313d-2283-49fc-97fd-6825da4cb49b,53
22331d58-4a7e-40da-b7db-652a4d4d85ed,52
33082168-ab2e-4e27-b304-8e722a6f5403,51
0638cd34-da37-48f0-8dbe-2a2999905bc5,50
52b78a58-c84a-4370-bb14-b27a007d5da6,50
fce21d43-c0c7-4d1f-b6d2-fc048f053456,50
76823beb-2f33-47a6-96a1-ccd2df47ac28,47
ba06a193-82fc-425b-a7e5-f3df809fe378,47
fdf55163-54d8-4bc7-862d-7e41068589e3,47
330d773a-abe3-4234-b423-129dc4d00963,46
4d0fa690-1551-46f0-9a22-acfec0e00dd0,46
02faa0b5-13d0-48d0-8479-757c496ac6a5,45
aed35888-68cb-4574-8a98-d13b89cf0f38,45
f5d836d5-cb15-4178-8f57-68ef1d6551e9,45
3b8e9d83-b2d4-4a97-973c-31d98b67b1e9,44
ad0f71c1-1ddc-4a46-950c-751ceb5b2cf8,43
e81d05a6-541c-4cda-9650-a4aac9d35e3b,42
15f819bd-6612-4447-854b-14d12ee1022d,41
6cf2d179-0e25-49e1-af67-ff2571293c63,41
d8cd16ba-bb74-4420-821e-083f2bac17c2,40
1aedcdff-24f2-4925-8e55-23eeef236b0d,39
0943f690-fde5-11dd-83f4-b8a03c50a862,38
97802be9-3e72-4468-8611-0c9cd3a905a7,38
121275a3-dcce-44f4-9868-37326e9f64ef,37
fffdea53-c113-4cdc-896e-a9c5fd726591,37
08a179fe-9cd1-4d33-afef-266dd55c59cf,36
0bcbd3a8-f22e-4350-a19d-a94fe6ca9738,33
16ed67e5-fd70-4fd4-85c3-70ea2da627fe,33
eb63cc46-126f-43b2-9c3e-0f03a97e0638,33
1a699020-5c6b-4d91-8527-eb464b153a22,32
63b61a77-920b-4b08-9b31-1fa6f41587eb,32
fe8c1017-5941-4703-8f81-5023028a32ab,32
af6e6436-2507-43e7-b884-6838f655e14a,29
021cf0d3-aae6-417d-8682-ae535d17de89,28
1064b787-c882-493e-b17d-4ffba363b776,28
965b5ae5-7b2d-4155-a7ff-e9e496d70f90,28
bf0dd71d-364c-4f16-8612-2661f07f40a2,28
cd6905cf-54d7-4628-b762-f63d269e239b,28
80fdc69b-fb8f-48ef-9066-ade0f60ef5a0,27
a776a61d-f01e-4a8e-8fb0-c69d08795118,27
a7f1d343-b5cd-4890-bd44-72dfd4b6afb7,27
a883af65-4061-4150-b905-e3c3e0e0b4d1,27
bc81e05b-ed51-46ba-a0a4-90fbae9b5545,27
040c5662-da76-4782-a48e-cdea1892d14c,25
43e4b07b-f31d-4ab9-82c5-e87048a138ee,25
60ec9e8a-c220-41c9-8968-096287c1f20f,25
7fde5656-64fd-4442-ae89-60becebc29a6,25
ebed4456-76d2-408c-8467-fd66be066521,25
14ef7ae8-1bab-4af7-915c-7c146b117c91,24
da8a0dd0-85c7-4d7a-8a5a-e66b1deaebaa,24
96404cc2-f762-11e1-a439-00145eb45e9a,23
cfafda89-e151-4410-a878-972fe24e431b,23
fd99455d-f6e9-4421-930a-5d8e23ac8895,23
9129ec89-afa7-45af-8b73-509f1f8942ab,22
3cb7fc60-aa95-4556-b987-b7f6f593b9a1,20
af0ac0ba-b895-47a2-ac64-30517f109c33,20
cbf8c968-37d6-45be-bf5c-e22914a384dc,20
f15facfb-b1da-4fdd-b4cb-94a850ee6b0b,20
7aeb3ded-7443-4512-95f7-2ec7ab0f308c,18
e257fa65-598c-4f11-b03e-dfeba1191db8,18
8dd06261-d1a7-4c2b-9007-c3a4d93dfee3,17
dd760e14-7304-40a3-8d53-8aba23f569ce,16
03929cfc-82e3-4f21-97e3-7be4de285584,15
7aac2a16-2b16-410c-8649-6aae7a752ebb,15
166db736-ab3e-4e33-b766-96bbbb7f6b4a,14
767bddaa-9e6a-4eb1-bd12-f94a2b39a7d6,14
b7ec1bf8-819b-11e2-bad2-00145eb45e9a,14
bb080d40-c63b-4529-bf21-d1782a81e024,14
df815212-bca8-45c8-b006-ba7bded25217,14
e169a84f-6726-4039-900c-2804591fcfdf,14
3345dcbc-a43d-4307-9cd8-084cb293d6bb,13
78dcee36-b0a2-4679-802d-bc0b5016518b,13
0ec3229f-2b53-484e-817a-de8ceb1fce2b,12
4d749d70-e2e1-11dd-8102-b8a03c50a862,12
a722a0e0-ed02-4ea1-b7d1-26f9c56cc536,12
e6694e54-1cd6-4527-a26e-387518ea550a,12
ed8e1590-62b5-48a8-8654-4ecc13554f57,12
2deca60c-f147-417f-9af4-b52067589e99,11
4d5afc88-2ce0-4f13-9a5a-47a0e571127d,11
5bad80c7-8b9e-448a-84fe-df70288f16ac,11
e053ff53-c156-4e2e-b9b5-4462e9625424,11
05776b2b-eda0-4a70-ba81-986e3f100e1a,10
803eb96c-4779-41e3-a511-fd124732774f,10
cd096ec0-a8a0-4c65-92cc-48b00fb934ce,10
f70fdd5a-e761-43b6-a854-462826cc7933,10
f934f8e2-32ca-46a7-b2f8-b032a4740454,10
02cb399f-3283-49fa-bce0-627c7f83083f,9
5a659248-1f70-11e3-b2c5-00145eb45e9a,9
aefe4840-ce1f-4b7b-b83b-1a0203e9e5e4,9
b306cfc2-adce-4f9f-8626-2fe6a48ccf8f,9
f9768501-2d57-4b8b-90a9-3ba5cf6dad3e,9
a14ea064-1abf-45ef-85ce-669a979815d7,8
e471d6f6-ec21-4d56-b295-f0ef31c230d0,8
323140e2-5f61-4aac-8817-2d4a4554f0c6,7
4d143d76-e700-47ad-af34-bb89189b5168,7
5212c57e-f3da-4358-887b-99152a1f437e,7
65d98c1d-a081-4b40-bc4b-81eae69a48e6,7
77d86167-e9b2-4a9d-bc73-e01675b51849,7
c1351d1d-a098-415b-badb-0ffea91d6c87,7
d031156d-6ff8-4eb5-b91a-a50861e98be9,7
d987ce61-5b9b-4dd7-9776-b5443d8b8dcc,7
e3a69702-0626-4e3f-90c2-f0635acea053,7
eab87e69-2ff6-4a67-9747-962b76fbd7cc,7
1671ddfb-1f8a-4d24-ab4d-50adb89af001,6
6abcc68d-5e45-4139-aacb-55eadd3fbba8,6
99944819-a402-4862-a07b-bcb3dd63b59b,6
9c4644ae-af7b-41bf-9359-6bd3b4292439,6
a4166558-6a9b-4de0-9771-d74c26633d84,6
b20d3818-a2d8-4014-8992-41d692386822,6
b3a61ddd-e7b6-4397-a63c-118d135fdbc5,6
5a0f2fe0-5516-4dc2-87df-6664c14249e0,5
673e5c7e-2437-4ffe-b575-29e11da4f880,5
92dad654-37e5-4782-b4d3-822ba619aa2e,5
24217e09-f3b0-45a6-a0d5-e10b69a09370,4
53287502-980d-41a8-b9f0-0f3a5bcb6555,4
6c032b27-e4fe-4bc9-8f11-6b5f864910ce,4
92d4b180-a103-11de-88ae-b8a03c50a862,4
9f68cd1d-715d-4949-8c8e-ddd5d5de126a,4
a4dd5f37-b8f9-4bac-89e3-3da88bfca9de,4
b5cdf794-8fa4-4a85-8b26-755d087bf531,4
bbb1f181-3221-4a10-ad52-14f1da0dca26,4
bd94af5b-a8a3-4212-a635-660fb01df51c,4
df761c30-988d-4ff8-b7d4-b24ff51c0c8d,4
f577c9f3-ae71-4278-b6bf-512ba1dfaa21,4
f5ff14cd-c64e-404a-940f-8a0dc7de554b,4
f6a922c4-d0ca-4f9c-bba2-7b1939996439,4
f77fe2b9-6f21-4536-b5c9-dde2729df37c,4
fb9863f4-68cf-4e90-bc4d-2b15bdebf889,4
ffd22767-5612-4b83-984c-47f7ca816ba9,4
0d8d90f4-973a-46a1-9ea1-55b0c7b222ea,3
22b4fa89-a9e2-486f-b825-8a47ddb497c6,3
26098c25-8f7f-4c71-97ac-1d3db181c65e,3
47afa0cf-b4d0-4206-8378-2a530fc2a452,3
68c90cbc-e74b-4fb6-8ee4-6fa3bd247837,3
76525e81-9210-401d-a90d-5509f771c0e7,3
76dd8f0d-2daa-4a69-9fcd-55e04230334a,3
7a25f7aa-03fb-4322-aaeb-66719e1a9527,3
7f5260c2-f762-11e1-a439-00145eb45e9a,3
8cc8f167-d9eb-4b50-905a-34895bb13325,3
966426ce-f762-11e1-a439-00145eb45e9a,3
b3769e61-c3d0-4046-81cf-bf4d6b23b444,3
b4a9aba3-9d66-4bdd-8e4b-ab42b11e69fd,3
b740eaa0-0679-41dc-acb7-990d562dfa37,3
c371d0e5-ba4e-4d77-9019-164b16b916cd,3
c39bf89a-4578-4476-a505-6e4813dac3bc,3
d4205f84-a671-464a-ac1c-474144f46fa8,3
d887b568-22df-44b1-b931-6580f46cfd9e,3
f3db09ca-8c7c-4820-988f-9a0546c941e4,3
fdce6e69-a78c-409c-8d66-dd79ad3fc4e9,3
0afba960-be3b-4202-a7de-736ae05aec9e,2
0daed095-478a-4af6-abf5-18acb790fbb2,2
143fd714-b939-4cf7-a078-acdde353a914,2
1a86be2b-aa83-424a-9e55-9f6ee344fdfc,2
25d9c44f-9a42-4292-85ca-c4118198d76c,2
3f6a3304-f66f-4ba8-be57-92a70f3aac3f,2
4ce8e3f9-2546-4af1-b28d-e2eadf05dfd4,2
5ddd59c2-c291-4a74-8a25-933bf873d4a4,2
739cf09a-d05e-4241-91ba-418b756f3ed5,2
7e380070-f762-11e1-a439-00145eb45e9a,2
832cb04e-f762-11e1-a439-00145eb45e9a,2
833db434-f762-11e1-a439-00145eb45e9a,2
854f602e-f762-11e1-a439-00145eb45e9a,2
8e479b8f-ac16-4bed-a11a-bc7e27c31663,2
99482781-3e53-4ab4-8463-3fbdd7b0888a,2
9f0e1ca6-fb08-4c72-9a4a-1e3b7a528c10,2
ba9984d8-d982-4fe6-b81c-a7585790034a,2
cece4fc2-1fec-4bb5-a335-7252548e3f0b,2
e05fd4c2-4d77-4c50-880e-1b22096af300,2
e2aec6ff-2d47-453e-a5b2-62ce21aad973,2
fcb4e601-a1d8-44b6-a9d6-75fd05a280ef,2
18da9e5d-8966-4893-bf70-b3911152d991,1
197e1421-7932-46a9-b227-0405ed5a4304,1
1d04e739-98a9-4e16-9970-8f8f3bf9e9e3,1
1e98cc26-065e-40ca-9c57-20fa0a2f4981,1
2177d641-eeca-41c0-b6ab-0f1b2dcd9a79,1
261817c2-1f27-4a25-96eb-d16ef0140b06,1
2ad00feb-1283-40d4-8352-0e4055f31773,1
3a8ddac2-4c8a-44da-9e88-93b565950482,1
3e95aa8e-a40c-4d34-ad11-7560484f1ff9,1
44ff990f-945e-4b37-9060-fc7de856b1ea,1
4e9d318a-5620-4639-9776-719664892cb3,1
51b92d4e-556f-4a05-bc5c-bfe982ee1156,1
51fa0155-a545-4154-ac20-b89dbb2c312b,1
5d54f54d-6fa5-4d01-92a8-6c77d64ff8bf,1
647d4916-9356-4fa1-b068-229ec6296098,1
7b203230-ba55-4da6-9274-e1d7b1b95987,1
7d8ed137-1d30-42f1-8b78-12a4957e4690,1
7f6dd0f7-9ed4-49c0-bb71-b2a9c7fed9f1,1
85714c48-f762-11e1-a439-00145eb45e9a,1
8c1cc991-d194-4b3a-93e9-cded7d43e162,1
9118eee0-42d2-4a27-9ae0-78d49d163a5b,1
9256fdee-1799-46f5-aec0-bf8b1bb0271e,1
98d7a49c-5776-41eb-a928-b6f5174eadd1,1
a5b9cf3f-6a1b-4a7d-87dd-7531696dabdb,1
a5e26562-5429-4878-a0d4-5cef3d5cc923,1
a8ee9bc6-5914-427d-9fba-f8545250ac34,1
ad4405c1-7c78-451d-88b1-f5fa99d62bbb,1
bf2a4bf0-5f31-11de-b67e-b8a03c50a862,1
c081d6d4-cb80-45b3-b9cd-dab5568b8c5e,1
ca2e422f-be48-42a5-bca5-a37cada435c8,1
cde44dc3-3b14-49d9-840b-5073d5284e9e,1
f3f03cbf-1a01-4739-ae15-c1355b8c2dbf,1
f5121b8a-5aac-4db8-b2af-46ad4a952ea9,1
f68d90e0-46dd-4ac4-acac-ade9d2645886,1
